{"accuracy": [0.9750925898551941, 0.9797222018241882, 0.9823703765869141, 0.9819074273109436, 0.9832777976989746, 0.9835740923881531, 0.9844444394111633, 0.9852036833763123, 0.9862037301063538, 0.9864629507064819], "loss": [0.07975033670663834, 0.06318026036024094, 0.05690379813313484, 0.054780106991529465, 0.05299593508243561, 0.04995575547218323, 0.047711774706840515, 0.045189209282398224, 0.04332154989242554, 0.04284316301345825], "val_accuracy": [0.9816666841506958, 0.9823333621025085, 0.984000027179718, 0.9833333492279053, 0.9856666922569275, 0.984666645526886, 0.9835000038146973, 0.984666645526886, 0.9850000143051147, 0.9851666688919067], "val_loss": [0.05759783834218979, 0.055446822196245193, 0.055830586701631546, 0.0551733560860157, 0.05297400429844856, 0.052802637219429016, 0.05425233021378517, 0.05174444615840912, 0.051546815782785416, 0.05143413692712784], "learning_rate": [0.0010000000474974513, 0.0010000000474974513, 0.0010000000474974513, 0.0010000000474974513, 0.0010000000474974513, 0.0010000000474974513, 0.0010000000474974513, 0.0010000000474974513, 0.0010000000474974513, 0.0010000000474974513]}